INSERT INTO TruSoChinh (ID_TruSoChinh, TenTruSoChinh, DiaChi, Email, SoDienThoai) VALUES 
('TS01', 'ORGASM', 'Ha Noi', 'contact_orgasm@gmail.com', '0350899999')

INSERT INTO ChiNhanh (ID_ChiNhanh, ID_TruSoChinh, TenChiNhanh, DiaChi, Email, SoDienThoai)
VALUES
('CN01', 'TS01', 'ORGASM Hue', 'Hue', 'orgasmhue@gmail.com', '0697544474'),
('CN02', 'TS01', 'ORGASM Nam Dinh', 'Nam Dinh', 'orgasmnamdinh@gmail.com', '0011316683'),
('CN03', 'TS01', 'ORGASM Vinh', 'Vinh', 'orgasmvinh@gmail.com', '0849477261'),
('CN04', 'TS01', 'ORGASM Nha Trang', 'Nha Trang', 'orgasmnhatrang@gmail.com', '0286266336'),
('CN05', 'TS01', 'ORGASM Thai Binh', 'Thai Binh', 'orgasmthaibinh@gmail.com', '0693165656'),
('CN06', 'TS01', 'ORGASM Ha Noi', 'Ha Noi', 'orgasmhanoi@gmail.com', '0083030275'),
('CN07', 'TS01', 'ORGASM Binh Duong', 'Binh Duong', 'orgasmbinhduong@gmail.com', '0862513408'),
('CN08', 'TS01', 'ORGASM Dong Nai', 'Dong Nai', 'orgasmdongnai@gmail.com', '0975915152'),
('CN09', 'TS01', 'ORGASM Phu Tho', 'Phu Tho', 'orgasmphutho@gmail.com', '0346335984'),
('CN10', 'TS01', 'ORGASM Da Nang', 'Da Nang', 'orgasmdanang@gmail.com', '0894397027')

INSERT INTO ChinhSach (ID_ChinhSach, ID_ChiNhanh, TenChinhSach, MoTa) VALUES
('TBCS01', 'CN05', 'Chinh sach ung ho', 'Ho tro tai chinh cho cac du an moi'),
('TBCS02', 'CN05', 'Chinh sach moi truong', 'Giam thieu phat thai trong san xuat'),
('TBCS03', 'CN05', 'Chinh sach dao tao', 'Dao tao nhan vien moi ve an toan lao dong'),
('TBCS04', 'CN05', 'Chinh sach ban hang', 'Chuong trinh khuyen mai mua he'),
('TBCS05', 'CN05', 'Chinh sach nghi phep', 'Quy dinh moi ve nghi phep nam'),
('TBCS06', 'CN05', 'Chinh sach chat luong', 'Tang cuong kiem soat chat luong san pham'),
('TBCS07', 'CN05', 'Chinh sach an ninh', 'Cai thien he thong an ninh tai noi lam viec'),
('TBCS08', 'CN05', 'Chinh sach tuyen dung', 'Mo rong co hoi viec lam cho ung vien moi tot nghiep'),
('TBCS09', 'CN05', 'Chinh sach bao hiem', 'Cung cap goi bao hiem suc khoe cho nhan vien'),
('TBCS10', 'CN05', 'Chinh sach cong nghe', 'Dau tu vao cong nghe thong tin moi');

INSERT INTO PhongBan (ID_PhongBan, ID_ChiNhanh, TenPhongBan, Email, SoDienThoai) VALUES
('TBPB01', 'CN05', 'Ke Toan', 'ketoancn05@gmail.com', '0642748031'),
('TBPB02', 'CN05', 'Nhan Su', 'nhansucn05@gmail.com', '0280764979'),
('TBPB03', 'CN05', 'Marketing', 'marketingcn05@gmail.com', '0793746008'),
('TBPB04', 'CN05', 'Kinh Doanh', 'kinhdoanhcn05@gmail.com', '0542430675'),
('TBPB05', 'CN05', 'Ky Thuat', 'kythuatcn05@gmail.com', '0985520517'),
('TBPB06', 'CN05', 'Phat Trien San Pham', 'phattriensanphamcn05@gmail.com', '0837643680'),
('TBPB07', 'CN05', 'Hanh Chinh', 'hanhchinhcn05@gmail.com', '0982134506'),
('TBPB08', 'CN05', 'Bao Tri', 'baotricn05@gmail.com', '0873210671'),
('TBPB09', 'CN05', 'IT', 'itcn05@gmail.com', '0839216260'),
('TBPB10', 'CN05', 'Ban Hang', 'banhangcn05@gmail.com', '0872319940');

INSERT INTO DuAn (ID_DuAn, ID_PhongBan, TenDuAn, NgayBatDau, ThoiHan, MoTa) VALUES
('TBDA01', 'TBPB02', 'Phat trien dong san pham cao cap', '2024-01-15', 23, 'Phat trien dong san pham cao cap cho thi truong cao cap 2025'),
('TBDA02', 'TBPB03', 'Chien dich quang cao toan quoc', '2024-03-10', 22, 'Chien dich quang cao tren cac nen tang mang xa hoi cho san pham moi'),
('TBDA03', 'TBPB04', 'Cap nhat he thong IT', '2024-05-20', 23, 'Cap nhat cong nghe he thong thong tin de cai thien an ninh mang'),
('TBDA04', 'TBPB05', 'Tuyen dung mua he', '2024-06-01', 10, 'Chuong trinh tuyen dung mo rong cho mua he 2024'),
('TBDA05', 'TBPB06', 'Dao tao ky nang chuyen mon', '2024-09-15', 19, 'Chuong trinh dao tao ky nang chuyen mon cho cac bo phan ky thuat'),
('TBDA06', 'TBPB07', 'Xay dung trung tam dich vu moi', '2024-07-22', 7, 'Du an xay dung trung tam dich vu khach hang tai Can Tho'),
('TBDA07', 'TBPB08', 'Ra mat san pham moi', '2024-12-01', 8, 'Le ra mat san pham moi voi cong nghe tien tien tai TP.HCM'),
('TBDA08', 'TBPB09', 'Nghien cuu phat trien thi truong', '2024-10-30', 19, 'Nghien cuu de mo rong thi truong o cac khu vuc moi'),
('TBDA09', 'TBPB10', 'Phat trien ung dung di dong moi', '2024-02-20', 6, 'Phat trien ung dung di dong ho tro dich vu khach hang nhanh chong'),
('TBDA10', 'TBPB01', 'Tang cuong he thong bao mat', '2024-04-25', 17, 'Du an nang cao cac bien phap bao mat du lieu ca nhan cua khach hang');


INSERT INTO ChucVu (ID_ChucVu, ID_ChiNhanh, TenChucVu, BacLuong) VALUES
('TBCV01', 'CN05', 'Giam doc', 1),
('TBCV02', 'CN05', 'Pho Giam doc', 2),
('TBCV03', 'CN05', 'Truong phong', 3),
('TBCV04', 'CN05', 'Pho Truong phong', 4),
('TBCV05', 'CN05', 'Chuyen vien cao cap', 5),
('TBCV06', 'CN05', 'Chuyen vien chinh', 6),
('TBCV07', 'CN05', 'Chuyen vien', 7),
('TBCV08', 'CN05', 'Nhan vien kinh doanh', 8),
('TBCV09', 'CN05', 'Nhan vien hanh chinh', 9),
('TBCV10', 'CN05', 'Nhan vien ky thuat', 10);

INSERT INTO NhanVien (ID_NhanVien, ID_DuAn, ID_ChucVu, ID_ChiNhanh, ID_PhongBan, HoTen, NgaySinh, GioiTinh, DanToc, CCCD, SoDienThoai, Email, DiaChi) VALUES
('TBNV01', 'TBDA01', 'TBCV01', 'CN05', 'TBPB01', 'Tran Quy Nam', '2000-12-09', 'Nam', 'Kinh', '001412454343', '0933223334', 'datquytran@gmail.com', 'Hai Phong'),
('TBNV02', 'TBDA02', 'TBCV02', 'CN05', 'TBPB02', 'Nguyen Thi Lan', '1998-08-15', 'Nu', 'Kinh', '002312454343', '0933224444', 'lanthi@gmail.com', 'Ha Noi'),
('TBNV03', 'TBDA03', 'TBCV03', 'CN05', 'TBPB03', 'Le Hoang Nam', '1993-07-20', 'Nam', 'Kinh', '003412454343', '0933225555', 'namhoangle@gmail.com', 'Da Nang'),
('TBNV04', 'TBDA04', 'TBCV04', 'CN05', 'TBPB04', 'Pham Thu Trang', '1995-11-12', 'Nu', 'Kinh', '004412454343', '0933226666', 'trangthu@gmail.com', 'Can Tho'),
('TBNV05', 'TBDA05', 'TBCV05', 'CN05', 'TBPB05', 'Hoang Minh Tuan', '1984-01-24', 'Nam', 'Kinh', '005512454343', '0933227777', 'tuanminh@gmail.com', 'Ho Chi Minh'),
('TBNV06', 'TBDA06', 'TBCV06', 'CN05', 'TBPB06', 'Tran Bao Ngoc', '1988-05-16', 'Nu', 'Kinh', '006612454343', '0933228888', 'ngocbao@gmail.com', 'Nha Trang'),
('TBNV07', 'TBDA07', 'TBCV07', 'CN05', 'TBPB07', 'Le Anh Tuan', '1989-09-10', 'Nam', 'Kinh', '007712454343', '0933229999', 'tuananh@gmail.com', 'Vinh Phuc'),
('TBNV08', 'TBDA08', 'TBCV08', 'CN05', 'TBPB08', 'Nguyen Thu Ha', '1992-12-02', 'Nu', 'Kinh', '008812454343', '0933221111', 'hathu@gmail.com', 'Bac Ninh'),
('TBNV09', 'TBDA09', 'TBCV09', 'CN05', 'TBPB09', 'Pham Quoc Toan', '1990-03-22', 'Nam', 'Kinh', '009912454343', '0933222222', 'toanquoc@gmail.com', 'Hue'),
('TBNV10', 'TBDA10', 'TBCV10', 'CN05', 'TBPB10', 'Le Thi Bao', '1986-10-08', 'Nu', 'Kinh', '001012454343', '0933223333', 'baole@gmail.com', 'Dong Nai'),
('TBNV11', 'TBDA01', 'TBCV01', 'CN05', 'TBPB01', 'Nguyen Van Binh', '1981-04-11', 'Nam', 'Kinh', '001112454343', '0933224444', 'binhvan@gmail.com', 'Lao Cai'),
('TBNV12', 'TBDA02', 'TBCV02', 'CN05', 'TBPB02', 'Tran Thi Cam', '1997-02-17', 'Nu', 'Kinh', '001212454343', '0933225555', 'camtran@gmail.com', 'Nam Dinh'),
('TBNV13', 'TBDA03', 'TBCV03', 'CN05', 'TBPB03', 'Le Duc Hoa', '1983-06-21', 'Nam', 'Kinh', '001312454343', '0933226666', 'hoale@gmail.com', 'Thai Nguyen'),
('TBNV14', 'TBDA04', 'TBCV04', 'CN05', 'TBPB04', 'Pham Tuan Kiet', '1994-07-25', 'Nam', 'Kinh', '001412454343', '0933227777', 'kiettuan@gmail.com', 'Quang Ninh'),
('TBNV15', 'TBDA05', 'TBCV05', 'CN05', 'TBPB05', 'Nguyen Hoai Thu', '1996-05-19', 'Nu', 'Kinh', '001512454343', '0933228888', 'thuhoai@gmail.com', 'Ben Tre'),
('TBNV16', 'TBDA06', 'TBCV06', 'CN05', 'TBPB06', 'Tran Thanh Du', '1985-08-30', 'Nam', 'Kinh', '001612454343', '0933229999', 'duthanh@gmail.com', 'Quang Ngai'),
('TBNV17', 'TBDA07', 'TBCV07', 'CN05', 'TBPB07', 'Le Ngoc Ha', '1991-11-12', 'Nu', 'Kinh', '001712454343', '0933221111', 'hale@gmail.com', 'Ha Tinh'),
('TBNV18', 'TBDA08', 'TBCV08', 'CN05', 'TBPB08', 'Pham Bao Son', '1999-01-09', 'Nam', 'Kinh', '001812454343', '0933222222', 'sonpham@gmail.com', 'Phu Tho'),
('TBNV19', 'TBDA09', 'TBCV09', 'CN05', 'TBPB09', 'Nguyen Thi Mai', '1987-03-18', 'Nu', 'Kinh', '001912454343', '0933223333', 'mainguyen@gmail.com', 'Thanh Hoa'),
('TBNV20', 'TBDA10', 'TBCV10', 'CN05', 'TBPB10', 'Le Van Minh', '1982-04-14', 'Nam', 'Kinh', '002012454343', '0933224444', 'minhvan@gmail.com', 'Gia Lai'),
('TBNV21', 'TBDA01', 'TBCV01', 'CN05', 'TBPB01', 'Tran Thi Bao Anh', '1986-09-27', 'Nu', 'Kinh', '002112454343', '0933225555', 'baoanh@gmail.com', 'Binh Duong'),
('TBNV22', 'TBDA02', 'TBCV02', 'CN05', 'TBPB02', 'Le Quang Huy', '1995-06-13', 'Nam', 'Kinh', '002212454343', '0933226666', 'huyquang@gmail.com', 'Ha Giang'),
('TBNV23', 'TBDA03', 'TBCV03', 'CN05', 'TBPB03', 'Nguyen Thanh Tung', '1992-11-20', 'Nam', 'Kinh', '002312454343', '0933227777', 'tungthanh@gmail.com', 'Kien Giang'),
('TBNV24', 'TBDA04', 'TBCV04', 'CN05', 'TBPB04', 'Le Thi Hong', '1998-10-05', 'Nu', 'Kinh', '002412454343', '0933228888', 'hongle@gmail.com', 'Quang Tri'),
('TBNV25', 'TBDA05', 'TBCV05', 'CN05', 'TBPB05', 'Pham Duc Long', '1983-07-09', 'Nam', 'Kinh', '002512454343', '0933229999', 'longduc@gmail.com', 'Dak Lak'),
('TBNV26', 'TBDA06', 'TBCV06', 'CN05', 'TBPB06', 'Nguyen Minh Chau', '1994-08-23', 'Nu', 'Kinh', '002612454343', '0933221111', 'chauminh@gmail.com', 'Hai Duong'),
('TBNV27', 'TBDA07', 'TBCV07', 'CN05', 'TBPB07', 'Tran Van Khoa', '1990-02-16', 'Nam', 'Kinh', '002712454343', '0933222222', 'khoavan@gmail.com', 'Lang Son'),
('TBNV28', 'TBDA08', 'TBCV08', 'CN05', 'TBPB08', 'Le Phuong Thao', '1991-05-10', 'Nu', 'Kinh', '002812454343', '0933223333', 'thaole@gmail.com', 'Ninh Binh'),
('TBNV29', 'TBDA09', 'TBCV09', 'CN05', 'TBPB09', 'Pham Minh Tri', '1989-12-12', 'Nam', 'Kinh', '002912454343', '0933224444', 'triphm@gmail.com', 'Tay Ninh'),
('TBNV30', 'TBDA10', 'TBCV10', 'CN05', 'TBPB10', 'Nguyen Thi Huyen', '1984-03-07', 'Nu', 'Kinh', '003012454343', '0933225555', 'huyennguyen@gmail.com', 'Binh Thuan'),
('TBNV31', 'TBDA01', 'TBCV01', 'CN05', 'TBPB01', 'Ho Thi Minh', '1993-01-08', 'Nu', 'Kinh', '003112454343', '0933226666', 'minhho@gmail.com', 'Dak Nong'),
('TBNV32', 'TBDA02', 'TBCV02', 'CN05', 'TBPB02', 'Pham Dinh Khoi', '1991-07-19', 'Nam', 'Kinh', '003212454343', '0933227777', 'khoiph@gmail.com', 'Quang Binh'),
('TBNV33', 'TBDA03', 'TBCV03', 'CN05', 'TBPB03', 'Nguyen Van An', '1987-09-25', 'Nam', 'Kinh', '003312454343', '0933228888', 'vanan@gmail.com', 'Tuyen Quang'),
('TBNV34', 'TBDA04', 'TBCV04', 'CN05', 'TBPB04', 'Le Thi Kim', '1996-11-03', 'Nu', 'Kinh', '003412454343', '0933229999', 'kimle@gmail.com', 'Binh Phuoc'),
('TBNV35', 'TBDA05', 'TBCV05', 'CN05', 'TBPB05', 'Tran Duc Minh', '1982-02-17', 'Nam', 'Kinh', '003512454343', '0933221111', 'minhduc@gmail.com', 'Vung Tau'),
('TBNV36', 'TBDA06', 'TBCV06', 'CN05', 'TBPB06', 'Nguyen Phuong Lan', '1995-04-21', 'Nu', 'Kinh', '003612454343', '0933222222', 'lanphuong@gmail.com', 'Hoa Binh'),
('TBNV37', 'TBDA07', 'TBCV07', 'CN05', 'TBPB07', 'Le Anh Duy', '1988-08-29', 'Nam', 'Kinh', '003712454343', '0933223333', 'duyanh@gmail.com', 'Ca Mau'),
('TBNV38', 'TBDA08', 'TBCV08', 'CN05', 'TBPB08', 'Pham Thi Thao', '1997-06-15', 'Nu', 'Kinh', '003812454343', '0933224444', 'thaopham@gmail.com', 'Kon Tum'),
('TBNV39', 'TBDA09', 'TBCV09', 'CN05', 'TBPB09', 'Tran Van Thanh', '1990-03-21', 'Nam', 'Kinh', '003912454343', '0933225555', 'thanhtran@gmail.com', 'Lam Dong'),
('TBNV40', 'TBDA10', 'TBCV10', 'CN05', 'TBPB10', 'Nguyen Thi Thuy', '1992-08-05', 'Nu', 'Kinh', '004012454343', '0933226666', 'thuynguyen@gmail.com', 'Bac Lieu');

INSERT INTO Luong (ID_Luong, ID_NhanVien, MucLuong) VALUES
('TBL01', 'TBNV01', 70000000),
('TBL02', 'TBNV02', 64000000),
('TBL03', 'TBNV03', 58000000),
('TBL04', 'TBNV04', 52000000),
('TBL05', 'TBNV05', 46000000),
('TBL06', 'TBNV06', 40000000),
('TBL07', 'TBNV07', 34000000),
('TBL08', 'TBNV08', 28000000),
('TBL09', 'TBNV09', 22000000),
('TBL10', 'TBNV10', 16000000),
('TBL11', 'TBNV11', 70000000),
('TBL12', 'TBNV12', 64000000),
('TBL13', 'TBNV13', 58000000),
('TBL14', 'TBNV14', 52000000),
('TBL15', 'TBNV15', 46000000),
('TBL16', 'TBNV16', 40000000),
('TBL17', 'TBNV17', 34000000),
('TBL18', 'TBNV18', 28000000),
('TBL19', 'TBNV19', 22000000),
('TBL20', 'TBNV20', 16000000),
('TBL21', 'TBNV21', 70000000),
('TBL22', 'TBNV22', 64000000),
('TBL23', 'TBNV23', 58000000),
('TBL24', 'TBNV24', 52000000),
('TBL25', 'TBNV25', 46000000),
('TBL26', 'TBNV26', 40000000),
('TBL27', 'TBNV27', 34000000),
('TBL28', 'TBNV28', 28000000),
('TBL29', 'TBNV29', 22000000),
('TBL30', 'TBNV30', 16000000),
('TBL31', 'TBNV31', 70000000),
('TBL32', 'TBNV32', 64000000),
('TBL33', 'TBNV33', 58000000),
('TBL34', 'TBNV34', 52000000),
('TBL35', 'TBNV35', 46000000),
('TBL36', 'TBNV36', 40000000),
('TBL37', 'TBNV37', 34000000),
('TBL38', 'TBNV38', 28000000),
('TBL39', 'TBNV39', 22000000),
('TBL40', 'TBNV40', 19000000);


